{
    "Baseline": {
        "avg": 51.88042931198081,
        "deepseek": 79.92565055762083,
        "chatgpt": 54.330708661417326,
        "claude": 21.384928716904277
    },
    "Markdown Removal": {
        "avg": 49.416267811952004,
        "deepseek": 75.65543071161048,
        "chatgpt": 50.19011406844106,
        "claude": 22.403258655804482
    },
    "Back-Translation": {
        "avg": 47.78056935372524,
        "deepseek": 74.77876106194691,
        "chatgpt": 48.89867841409692,
        "claude": 19.664268585131893
    },
    "Paraphrasing": {
        "avg": 51.131639702836935,
        "deepseek": 77.41935483870968,
        "chatgpt": 52.863436123348016,
        "claude": 23.112128146453088
    }
}